Pos,ObjectName,DESCRIPTION,address
0,10HTK31AF001YQAI,#1炉螺旋给料机1频率智控指令,0
1,10HTK51AF001YQAI,#1炉旋转给料阀1频率智控指令,1
2,10HTK41AF001YQAI,#1炉螺旋给料机2频率智控指令,2
3,10HTK61AF001YQAI,#1炉旋转给料阀2频率智控指令,3
4,10HTA20CQ001XB03AI,1-脱硫岛入口SO2浓度偏差报警,4
5,10ETF11AN001XB03AI,1-石灰石输送1堵料报警,5
6,10ETF21AN001XB03AI,1-石灰石输送2堵料报警,6
7,10HTK351AF001XB03AI,#1炉螺旋给料机故障报警,7
8,10HTK461AF001XB03AI,#1炉旋转给料阀故障报警,8
9,10HTA20CQ001AI,1-脱硫岛入口SO2小时均值计算,9
10,10HTK-AI-DCS-COM,1-炉内脱硫智控主机通讯检测变量,10
11,10HTA20CQ001J-Z,1-脱硫岛入口SO2含量折算通讯点,11
12,10HTA40CQ001J-Z,1-脱硫岛大量程SO2含量折算通讯点,12
13,10HTA40CQ011JZS,1-脱硫岛小量程SO2含量折算通讯点,13
14,10HTA40CQ015JZS,#1小量程折算NOx通讯点,14
15,10HTK30AF011K,1-消石灰变频给料1频率通讯点,15
16,10HTK30AF021K,1-消石灰变频给料2频率通讯点,16
50,10HTK-AI-COM-OK,1-炉内脱硫智控主机通讯故障,50
51,10HTK-AIOK,1-炉内脱硫智控主机算法故障,51
52,10HTK31AF001MA,1#炉螺旋给料机1手自动状态,52
53,10HTK51AF002MA,1#炉旋转给料阀1手自动状态,53
54,10HTK41AF003MA,1#炉螺旋给料机2手自动状态,54
55,10HTK61AF004MA,1#炉旋转给料阀2手自动状态,55
56,10HTAMA-TX,1-消石灰自动通讯点,56
57,10TLFC-TIME-TX,1-小量程反吹提醒,57
58,10TLRKFC-TIME-TX,1-脱硫入口反吹提醒,58
59,10TLCKFC-TIME-TX,1-脱硫出口反吹提醒,59
