Pos,ObjectName,DESCRIPTION,address
0,10HTK31AF001XQ01,1#炉螺旋给料机1频率反馈,100
1,10HTK41AF001XQ01,1#炉螺旋给料机2频率反馈,101
2,10HTK51AF001XQ01,1#炉旋转给料阀1频率反馈,102
3,10HTK61AF001XQ01,1#炉旋转给料阀2频率反馈,103
4,10HTK31CE002,1#炉炉前仓螺旋给料机1电流,104
5,10HTK51CE002,1#炉炉前仓旋转给料阀1电流,105
6,10HTK41CE002,1#炉炉前仓螺旋给料机2电流,106
7,10HTK61CE002,1#炉炉前仓旋转给料阀2电流,107
8,10HTJ10CL101,1#炉前仓连续料位,108
9,10QEG30CP101,1#炉前仓下输送压力,109
10,10QEG30CP102,1#炉前仓下输送压力2,110
11,10ETF11AN001XQ01,1#炉输送风机1电流,111
12,10ETF21AN001XQ01,1#炉输送风机2电流,112
13,10HTK31AF001XQ01L,螺旋给料机1流速,113
14,10HTK31AF001XQ01L-LJ,螺旋给料机1流量累计,114
15,10HTK41AF001XQ01L,螺旋给料机2流速,115
16,10HTK41AF001XQ01L-LJ,螺旋给料机2流量累计,116
17,Y0CYG01XQ01,中调来AGC指令,117
18,10CFE01DCS901,发电机有功功率,118
19,J0CYH04YQ03A,#1机组负荷允许变化率,119
20,10CJA01DU001-SETPOINT,负荷设定值,120
21,10CJA01DU001-TARGET,负荷目标值,121
22,BLR-DEM,锅炉主控输出指令,122
23,10CFE01DCS901-,1-锅炉负荷,123
24,TOTAL-FEED-COAL,1#机总煤量,124
25,TOTAL-FEED-COAL-PER,总煤量变负荷百分比,125
26,10TOTAL-AIR-FLOW,1#机总风量,126
27,TOTAL-PA-FLOW,总一次风量,127
28,TOTAL-SEC-FLOW,总二次风量,128
29,10TOTAL-PA-FLOW,一次风总风量,129
30,10TOTAL-SEC-FLOW,二次风总风量,130
31,10HLG40CF109,总流化风量,131
32,10HLA11CT939,#1机全炉膛平均床温,132
33,10HLA11CP901,总炉膛上部压力,133
34,10LAB80CF101F,主给水流量1,134
35,10LAB80CF102F,主给水流量2,135
36,10LAB80CF103F,主给水流量3,136
37,10LAB80CF901F,主给水流量,137
38,10LBA10CF901,主蒸汽气流量,138
39,10LBA10CT601,主汽蒸气温度,139
40,10LBB10CP902,再热蒸气母管压力,140
41,10LBB10CT601,再热器母管蒸气温度,141
42,10LAB40CT301,给水泵出口母管水温,142
43,10HLA12CQ102,省煤器入口氧量（右墙),143
44,10HLA11CQ101,省煤器入口氧量(左墙),144
45,ODD-COAL-FLOW-BIAS-OUT,总给煤量偏置输出,145
46,10HSA00CQ101,出口烟道NOx含量,146
47,10HSA00CQ102,出口烟道02含量,147
48,10HSA00CQ103,出口烟道氨逃逸浓度,148
49,10HSJ11AA101XQ01,尿素溶液母管电动调节阀位置反馈,149
50,10HSJ11CF101,尿素溶液母管流量,150
51,10HSW00CP101,密封风母管压力,151
52,10HSX00CP101,雾化空气母管压力,152
53,10BEDTEMP-LEFT-RATE,床温变化率1,153
54,10BEDTEMP-RATE,床温变化率2,154
55,10CDD01XQ01,1号给煤机给煤率反馈,155
56,10CDD03XQ01,3号给煤机给煤率反馈,156
57,10CDD05XQ01,5号给煤机给煤率反馈,157
58,10CDD07XQ01,7号给煤机给煤率反馈,158
59,10CDD02XQ01,2号给煤机给煤率反馈,159
60,10CDD04XQ01,4号给煤机给煤率反馈,160
61,10CDD06XQ01,6号给煤机给煤率反馈,161
62,10CDD08XQ01,8号给煤机给煤率反馈,162
63,10HTK31AF001YQ01,1#炉螺旋给料机1频率给定,163
64,10HTK51AF001YQ01,1#炉旋转给料阀1频率给定,164
65,10HTK41AF001YQ01,1#炉螺旋给料机2频率给定,165
66,10HTK61AF001YQ01,1#炉旋转给料阀2频率给定,166
67,10HLA11CT627,炉膛床温1,167
68,10HLA11CT628,炉膛床温2,168
69,10HLA11CT629,炉膛床温3,169
70,10HLA11CT630,炉膛床温4,170
71,10HLA11CT631,炉膛床温5,171
72,10HLA11CT642,炉膛床温16,172
73,10HLA11CT643,炉膛床温17,173
74,10HLA11CT644,炉膛床温18,174
75,10HLA11CT645,炉膛床温19,175
76,10HLA11CT646,炉膛床温20,176
77,10HLA12CT601,炉膛出口温度（右墙）,177
78,10HLA11CT637,炉膛床温11,178
79,10HLA11CT638,炉膛床温12,179
80,10HLA11CT639,炉膛床温13,180
81,10HLA11CT640,炉膛床温14,181
82,10HLA11CT641,炉膛床温15,182
83,10HLA11CT601,炉膛出口温度（左墙）,183
84,10HLA11CT632,炉膛床温6,184
85,10HLA11CT633,炉膛床温7,185
86,10HLA11CT634,炉膛床温8,186
87,10HLA11CT635,炉膛床温9,187
88,10HLA11CT636,炉膛床温10,188
89,10HLA11CP113,炉膛上部压力（右墙）,189
90,10HLA12CQ103,空预器出口氧量（右墙）,190
91,10HLA11CP114,炉膛上部压力（右墙）,191
92,12HLA22CT304,空预器出口二次风温度2（右）,192
93,11HLA42CT301,右侧空预器出口一次风温度,193
94,11HLA42CT302,右侧床下入口一次风温度,194
95,12HLA22CT303,空预器出口二次风温度1（右）,195
96,10HLA11CQ103,空预器出口氧量（左墙）,196
97,10HLA11CP112,炉膛上部压力（左墙）,197
98,12HLA21CT304,空预器出口二次风温度2（左）,198
99,11HLA41CT301,左侧空预器出口一次风温度,199
100,11HLA41CT302,左侧床下入口一次风温度,200
101,12HLA21CT303,空预器出口二次风温度1（左）,201
102,10HLA11CP111,炉膛上部压力（左墙）,202
103,10HLA11CP102,炉膛床层压力（左墙）,203
104,10HLA11CP103,炉膛床层压力（左墙）,204
105,10HLA11CP101,炉膛床层压力（左墙）,205
106,10HLA11CP107,炉膛风室风压（左墙）,206
107,10HLA12CP101,炉膛床层压力（右墙）,207
108,10HLA12CP102,炉膛床层压力（右墙）,208
109,10HLA12CP103,炉膛床层压力（右墙）,209
110,10HLA12CP107,炉膛风室风压（右墙）,210
111,10HDB11CT621,1号旋风筒入口烟温,211
112,10HDB11CT601,1号分离器回料阀灰温度,212
113,10HDB12CT621,2号旋风筒入口烟温,213
114,10HDB12CT601,2号分离器回料阀灰温度,214
115,10ETC11CT601,炉膛排渣温度（至1#滚筒）,215
116,10ETC11CT603,炉膛排渣温度（至3#滚筒）,216
117,10HSA00CQ102,出口烟道O2含量,217
118,10HDB13CT621,3号旋风筒入口烟温,218
119,10HDB13CT601,3号分离器回料阀灰温度,219
120,10ETC11CT602,炉膛排渣温度（至2#滚筒）,220
121,10ETC11CT604,炉膛排渣温度（至4#滚筒）,221
122,10HLA11CT623,空预器出口烟气温度（左墙）,222
123,10HLA11CQ103-,空预器出口氧量（左墙）,223
124,10HLA12CQ103-,空预器出口氧量（右墙）,224
125,11HLA41CF101M,左侧一次风流量1,225
126,11HLA41CF102M,左侧一次风流量2,226
127,11HLA41CF103M,左侧一次风流量3,227
128,11HLA42CF101M,右侧一次风流量1,228
129,11HLA42CF102M,右侧一次风流量2,229
130,11HLA42CF103M,右侧一次风流量3,230
131,12HLA41CF101M,左侧二次风流量1,231
132,12HLA41CF102M,左侧二次风流量2,232
133,12HLA41CF103M,左侧二次风流量3,233
134,12HLA42CF101M,右侧二次风流量1,234
135,12HLA42CF102M,右侧二次风流量2,235
136,12HLA42CF103M,右侧二次风流量3,236
137,10HLA11CQ103-,空预器出口氧量（左墙）,237
138,10HLA12CQ103-,空预器出口氧量（右墙）,238
139,11HLA41CF101M-,左侧一次风流量1,239
140,11HLA41CF102M-,左侧一次风流量2,240
141,11HLA41CF103M-,左侧一次风流量3,241
142,11HLA42CF101M-,右侧一次风流量1,242
143,11HLA42CF102M-,右侧一次风流量2,243
144,11HLA42CF103M-,右侧一次风流量3,244
145,12HLA41CF101M-,左侧二次风流量1,245
146,12HLA41CF102M-,左侧二次风流量2,246
147,12HLA41CF103M-,左侧二次风流量3,247
148,12HLA42CF101M-,右侧二次风流量1,248
149,12HLA42CF102M-,右侧二次风流量2,249
150,12HLA42CF103M-,右侧二次风流量3,250
151,10HTA20CQ001-SP,1-脱硫岛入口SO2入口设定值,251
152,FREQ__CORR,频差校正负荷指令,252
200,10ETF11AN001XB04,1#炉输送风机1远控信号,400
201,10ETF11AN001XB01,1#炉输送风机1工作信号,401
202,10ETF11AN001XB02,1#炉输送风机1停止信号,402
203,10ETF11AN001XB03,1#炉输送风机1报警信号,403
204,10ETF21AN001XB04,1#炉输送风机2远控信号,404
205,10ETF21AN001XB01,1#炉输送风机2工作信号,405
206,10ETF21AN001XB02,1#炉输送风机2停止信号,406
207,10ETF21AN001XB03,1#炉输送风机2报警信号,407
208,10HTK51AF001XB04,石灰石旋转给料阀1远控允许,408
209,10HTK51AF001XB01,石灰石旋转给料阀1工作信号,409
210,10HTK51AF001XB02,石灰石旋转给料阀1停止信号,410
211,10HTK51AF001XB03,石灰石旋转给料阀1故障信号,411
212,10HTK61AF001XB04,石灰石旋转给料阀2远控允许,412
213,10HTK61AF001XB01,石灰石旋转给料阀2工作信号,413
214,10HTK61AF001XB02,石灰石旋转给料阀2停止信号,414
215,10HTK61AF001XB03,石灰石旋转给料阀2故障信号,415
216,10HTK31AF001XB04,1#炉螺旋给料机1远控信号,416
217,10HTK31AF001XB01,1#螺旋给料机1工作信号,417
218,10HTK31AF001XB02,1#螺旋给料机1停止信号,418
219,10HTK31AF001XB03,1#炉螺旋给料机1故障信号,419
220,10HTK41AF001XB04,1#炉螺旋给料机2远控信号,420
221,10HTK41AF001XB01,1#炉螺旋给料机2工作信号,421
222,10HTK41AF001XB02,1#炉螺旋给料机2停止信号,422
223,10HTK41AF001XB03,1#炉螺旋给料机2故障信号,423
224,10ETF31AN001XB04,1#炉前仓下气化风机1远控信号,424
225,10ETF31AN001XB01,1#炉前仓下气化风机1工作信号,425
226,10ETF31AN001XB02,1#炉前仓下气化风机1停止信号,426
227,10ETF31AN001XB03,1#炉前仓下气化风机1报警信号,427
228,10ETF41AN001XB04,1#炉前仓下气化风机2远控信号,428
229,10ETF41AN001XB01,1#炉前仓下气化风机2工作信号,429
230,10ETF41AN001XB02,1#炉前仓下气化风机2停止信号,430
231,10ETF41AN001XB03,1#炉前仓下气化风机2报警信号,431
232,10CXD57XB04,1#炉前仓下料管喷吹系统1远方,432
233,10CXD57XB01,1#炉前仓下料管喷吹系统1运行,433
234,10CXD58XB04,1#炉前仓下料管喷吹系统2远方,434
235,10CXD58XB01,1#炉前仓下料管喷吹系统2运行,435
236,10HTK31AF001-AUTO,#1炉螺旋给料机1自动状态,436
237,10HTK51AF001-AUTO,#1炉旋转给料阀1自动状态,437
238,10HTK41AF001-AUTO,#1炉螺旋给料机2自动状态,438
239,10HTK61AF001-AUTO,#1炉旋转给料阀2自动状态,439
240,10HTK31AF001-MAN,#1炉螺旋给料机1手动状态,440
241,10HTK51AF001-MAN,#1炉旋转给料阀1手动状态,441
242,10HTK41AF001-MAN,#1炉螺旋给料机2手动状态,442
243,10HTK61AF001-MAN,#1炉旋转给料阀2手动状态,443
244,10HTKMA,#1炉石灰石自动,444
