Pos,ObjectName,DESCRIPTION,address
0,10HTK30AF011KYQAI,1-消石灰变频旋转给料器1频率智控指令,0
1,10HTK30AF021KYQAI,1-消石灰变频旋转给料器2频率智控指令,1
2,10HTA40CQ011XB03AI,1-脱硫岛出口SO2浓度偏差报警,2
3,10HTK30AF0121FAI,1-消石灰变频旋转给料器故障报警,3
4,10HTA40CQ011AI,1-脱硫岛出口SO2小时均值计算,4
5,10HTA-AI-DCS-COM,1-炉外脱硫智控主机通讯检测变量,5
6,10HTK31AF001XQ01-TX,1#炉螺旋给料机1频率反馈通讯,6
7,10HTK41AF001XQ01-TX,1#炉螺旋给料机2频率反馈通讯,7
8,10HTK51AF001XQ01-TX,1#炉旋转给料阀1频率反馈通讯,8
9,10HTK61AF001XQ01-TX,1#炉旋转给料阀2频率反馈通讯,9
10,10ETF11AN001XQ01-TX,1#炉输送风机1电流通讯,10
11,10ETF21AN001XQ01-TX,1#炉输送风机2电流通讯,11
50,10HTA-AI-COM-OK,1-炉外脱硫智控主机通讯故障,50
51,10HTA-AIOK,1-炉外脱硫智控主机算法故障,51
52,10HTK30AF011MA,1-消石灰变频旋转给料器1手自动状态,52
53,10HTK30AF021MA,1-消石灰变频旋转给料器2手自动状态,53
54,10HTK30AA801OAI,1-消石灰下料插板阀1开指令,54
55,10HTK30AA801CAI,1-消石灰下料插板阀1关指令,55
56,10HTK30AA802OAI,1-消石灰下料插板阀2开指令,56
57,10HTK30AA802CAI,1-消石灰下料插板阀2关指令,57
