Pos,ObjectName,DESCRIPTION,address
0,10HTA20CT001,1-脱硫岛入口烟气温度,100
1,10HTA20CP001,1-脱硫岛入口烟气压力,101
2,10HTA20CQ002,1-脱硫岛入口烟气O2含量,102
3,10HTA20CQ002J,1-脱硫岛入口烟气O2含量,103
4,10HTA20CQ001,1-脱硫岛入口烟气SO2含量,104
5,10HTA20CQ001J,1-脱硫岛入口烟气SO2含量,105
6,10HTA20CQ001J-Z,1-脱硫岛入口烟气SO2含量折算,106
7,10HTA20CF001,1-脱硫岛入口烟气流量,107
8,10HTA60CF101,1-脱硫岛入口烟气流量,108
9,10HTA40CT001,1-布袋出口烟气温度,109
10,10HTA40CP001M,1-布袋出口烟气压力,110
11,10HTA40CQ002,1-脱硫岛出口烟气O2含量,111
12,10HTA40CQ002J,1-脱硫岛出口烟气O2含量,112
13,10HTA40CQ001,1-脱硫岛出口烟气SO2含量,113
14,10HTA40CQ001J,1-脱硫岛出口烟气SO2含量,114
15,10HTA40CQ001M,1-脱硫岛出口烟气SO2含量处理,115
16,10HTA40CQ001J-Z,1-脱硫岛出口烟气SO2含量折算,116
17,10HTA40CQ003,1-脱硫岛出口烟气NOX含量,117
18,10HTA40CQ003J,1-脱硫岛出口烟气NOX含量,118
19,10HTA40CQ003JN,1-脱硫岛出口烟气NOX实测,119
20,10HTA40CQ003JN-Z,1-脱硫岛出口烟气NOX折算,120
21,10HTA40CQ004,1-脱硫岛出口烟气粉尘浓度,121
22,10HTA40CF001M,1-脱硫岛出口烟气流量,122
23,10HTA40CF001,1-脱硫岛出口烟气流速,123
24,10HTA60CT001,#1小量程烟气温度,124
25,10HTA60CQ002,#1小量程湿基O2,125
26,10HTA40CQ014J-GJ,#1出口（小量程）烟气O2,126
27,10HTA40CQ011J,1-脱硫岛出口烟气SO2含量,127
28,10HTA40CQ011J-GJ,#1出口（小量程）SO2实测值,128
29,10HTA40CQ011JZS,#1小量程折算SO2,129
30,10HTA40CQ015JN-GJ,#1出口（小量程）NOx实测值,130
31,10HTA40CQ015JZS,#1小量程折算NOx,131
32,10HTA60CQ005,1-脱硫岛出口烟气湿度,132
33,10HTA60CQ004,1-脱硫岛出口烟气粉尘浓度,133
34,10HTA60CQ004HSH-ZS,#1小量程折算粉尘,134
35,10HTA60CF002-LS,#1（小量程）烟气流速,135
36,10HTA60CF101JS,1-小量程烟气标杆流量,136
37,10HTA60CP001,#1小量程烟气压力,137
38,10HTA60CP101-DY,#1（小量程）烟气动压,138
39,10HTA60CQ006,1#脱硫岛出口烟气露点温度,139
40,10HTQ10CL901,1-工艺水箱液位,140
41,10HTK30CE021,1-消石灰变频旋转给料器2电流,141
42,10HTK30CE022,1-消石灰变频旋转给料器2频率,142
43,10HTK30CE011,1-消石灰变频旋转给料器1电流,143
44,10HTK30CE012,1-消石灰变频旋转给料器1频率,144
45,10HTK30AF011K,1-消石灰变频给料1频率输出,145
46,10HTK30AF021K,1-消石灰变频给料2频率输出,146
47,10HTA50AA101K,1-清洁烟气再循环调节风挡开度,147
48,10HTA50CG001,1-调节风挡开度反馈,148
49,10HTQ20CE021,1-高压水泵2电流,149
50,10HTQ20CE011,1-高压水泵1电流,150
51,10HTK10CL001,1-消石灰仓连续料位,151
52,10HTJ10CL001,1-生石灰仓连续料位,152
53,10HTE23CP001,1-布袋2-3灰斗高点物料压力,153
54,10HTE23CP002,1-布袋2-3灰斗低点物料压力,154
55,10HTE22CP001,1-布袋2-2灰斗高点物料压力,155
56,10HTE22CP002,1-布袋2-2灰斗低点物料压力,156
57,10HTE11CP001,1-布袋1-1灰斗高点物料压力,157
58,10HTE11CP002,1-布袋1-1灰斗低点物料压力,158
59,10HTE12CP001,1-布袋1-2灰斗高点物料压力,159
60,10HTE12CP002,1-布袋1-2灰斗低点物料压力,160
61,10HTE13CP001,1-布袋1-3灰斗高点物料压力,161
62,10HTE13CP002,1-布袋1-3灰斗低点物料压力,162
63,10HTE21CP001,1-布袋2-1灰斗高点物料压力,163
64,10HTE21CP002,1-布袋2-1灰斗低点物料压力,164
65,10HTA30CT001,1-吸收塔出口烟气温度1,165
66,10HTA20CT002,1-吸收塔入口烟气温度,166
67,10HTA30CT002,1-吸收塔出口烟气温度2,167
68,10HTA30CT003,1-吸收塔出口烟气温度3,168
69,10HTA50CT001,1-清洁烟气再循环烟气温度,169
70,10HTA20CP002,1-吸收塔入口烟气压力1,170
71,10HTA30CP001,1-吸收塔出口烟气压力1,171
72,10HTA20CP003,1-吸收塔入口烟气压力2,172
73,10HTA30CP002,1-吸收塔出口烟气压力2,173
74,10HTA20CP004,1-吸收塔入口烟气压力3,174
75,10HTA30CP003,1-吸收塔出口烟气压力3,175
76,10HTA30CP001M,1-吸收塔出口烟气压力,176
77,10HTA30CT901,1-吸收塔出口烟气温度,177
78,10HTA50CF001M,1-循环烟道烟气流量,178
79,10HTA50CP001,1-清洁烟气再循环烟气压力,179
80,10HTA50CF001,1-清洁烟气再循环烟气流速,180
81,10HTA40CQ011,1炉小量程SO2折算值,181
82,10HTA40CQ014,1炉小量程O2折算值,182
83,10HTA40CQ014J_x,#1小量程干基O2,183
84,10HTA40CQ014J_y,#1小量程湿基O2,184
85,10HTA40CQ011-SP,1-脱硫岛出口SO2出口设定值,185
200,10HTA20GH001R,1-脱硫岛入口CEMS运行状态,400
201,10HTA20GH001E,1-脱硫岛入口CEMS校准状态,401
202,10HTA20GH001G,1-脱硫岛入口CEMS探头反吹,402
203,10HTA20GH001F,1-脱硫岛入口CEMS故障状态,403
204,10HTA40GH001R,1-脱硫岛出口CEMS运行状态,404
205,10HTA40GH001E,1-脱硫岛出口CEMS校准状态,405
206,10HTA40GH001G,1-脱硫岛出口CEMS探头反吹,406
207,10HTA40GH001H,1-脱硫岛出口CEMS量程切换,407
208,10HTA40GH001F,1-脱硫岛出口CEMS故障状态,408
209,10HTA60GH001R,1-脱硫岛出口CEMS运行状态,409
210,10HTA60GH001E,#1小量程CEMS校准状态,410
211,10HTA60GH001G,#1小量程CEMS探头反吹,411
212,10HTA60GH001H,#1小量程SO2量程切换,412
213,10HTA60GH001F,1-脱硫岛出口CEMS故障状态,413
214,10HTE13CL101,1-布袋1-3室灰斗高高料位,414
215,10HTE13CL104,1-布袋1-3室灰斗低低料位,415
216,10HTE12CL101,1-布袋1-2室灰斗高高料位,416
217,10HTE12CL104,1-布袋1-2室灰斗低低料位,417
218,10HTE11CL101,1-布袋1-1室灰斗高高料位,418
219,10HTE11CL104,1-布袋1-1室灰斗低低料位,419
220,10HTE21CL101,1-布袋2-1室灰斗高高料位,420
221,10HTE21CL104,1-布袋2-1室灰斗低低料位,421
222,10HTE22CL101,1-布袋2-2室灰斗高高料位,422
223,10HTE22CL104,1-布袋2-2室灰斗低低料位,423
224,10HTE23CL101,1-布袋2-3室灰斗高高料位,424
225,10HTE23CL104,1-布袋2-3室灰斗低低料位,425
226,10HTG30AN011R,1-斜槽流化风机1运行,426
227,10HTG30AN021R,1-斜槽流化风机2运行,427
228,10HTG30CG102,1-斜槽流化风机出口气动阀关,428
229,10HTK30AA801L,1-消石灰下料液动阀1远控,429
230,10HTK30CG111,1-消石灰下料电液动插板阀1开,430
231,10HTK30CG112,1-消石灰下料电液动插板阀1关,431
232,10HTK30AA801F,1-消石灰下料液动阀1故障,432
233,10HTK30AA801P,1-消石灰下料液动阀1故障,433
234,10HTK30AF011L,1-消石灰变频旋转给料器1远控,434
235,10HTK30AF011R,1-消石灰变频旋转给料器1运行,435
236,10HTK30AF011F,1-消石灰变频旋转给料器1故障,436
237,10HTK30AA802L,1-消石灰下料液动阀2远控,437
238,10HTK30CG121,1-消石灰下料电液动插板阀2开,438
239,10HTK30CG122,1-消石灰下料电液动插板阀2关,439
240,10HTK30AA802F,1-消石灰下料液动阀2故障,440
241,10HTK30AA802P,1-消石灰下料液动阀2故障,441
242,10HTK30AF021L,1-消石灰变频旋转给料器2远控,442
243,10HTK30AF021R,1-消石灰变频旋转给料器2运行,443
244,10HTK30AF021F,1-消石灰变频旋转给料器2故障,444
245,10HTK30AA802O,1-消石灰下料电液动插板阀2开-,445
246,10HTK30AA802C,1-消石灰下料电液动插板阀2关-,446
247,10HTK30AF021N,1-消石灰变频给料2启动停止,447
248,10HTK30AF011N,1-消石灰变频给料1启动停止,448
249,10HTK30AA801O,1-消石灰下料电液动插板阀1开-,449
250,10HTK30AA801C,1-消石灰下料电液动插板阀1关-,450
251,10HTN12AN001R,1-引风机2运行,451
252,10HTN11AN001R,1-引风机1运行,452
253,10HTP11AA101N,1-布袋1-1室灰斗排料关断阀,453
254,10HTP12AA101N,1-布袋1-2室灰斗排料关断阀,454
255,10HTP13AA101N,1-布袋1-3室灰斗排料关断阀,455
256,10HTP22AA101N,1-布袋2-2室灰斗排料关断阀,456
257,10HTP21AA101N,1-布袋2-1室灰斗排料关断阀,457
258,10HTP23AA101N,1-布袋2-3室灰斗排料关断阀,458
259,10HTK20AA001N,1-消石灰下料气动阀开/关,459
260,10HTP11BB001R,1-脱硫1-1室仓泵运行,460
261,10HTP11BB001F,1-脱硫1-1室仓泵故障,461
262,10HTP23BB001R,1-脱硫2-3室仓泵运行,462
263,10HTP23BB001F,1-脱硫2-3室仓泵故障,463
264,10HTP22BB001R,1-脱硫2-2室仓泵运行,464
265,10HTP22BB001F,1-脱硫2-2室仓泵故障,465
266,10HTP21BB001R,1-脱硫2-1室仓泵运行,466
267,10HTP21BB001F,1-脱硫2-1室仓泵故障,467
268,10HTP13BB001R,1-脱硫1-3室仓泵运行,468
269,10HTP13BB001F,1-脱硫1-3室仓泵故障,469
270,10HTP12BB001R,1-脱硫1-2室仓泵运行,470
271,10HTP12BB001F,1-脱硫1-2室仓泵故障,471
272,10HTK30AF011-AUTO,1-消石灰变频旋转给料器1自动状态,472
273,10HTK30AF021-AUTO,1-消石灰变频旋转给料器2自动状态,473
274,10HTK30AF011-MAN,1-消石灰变频旋转给料器1手动状态,474
275,10HTK30AF021-MAN,1-消石灰变频旋转给料器2手动状态,475
276,10HTAMA,1-消石灰自动,476
277,10TLFC-TIME-TX,1-小量程反吹提醒,477
278,10TLRKFC-TIME-TX,1-脱硫入口反吹提醒,478
279,10TLCKFC-TIME-TX,1-脱硫出口反吹提醒,479